-- phpMyAdmin SQL Dump
-- version 5.2.0
-- https://www.phpmyadmin.net/
--
-- Host: 127.0.0.1
-- Generation Time: May 31, 2023 at 04:05 PM
-- Server version: 10.4.27-MariaDB
-- PHP Version: 8.2.0

SET SQL_MODE = "NO_AUTO_VALUE_ON_ZERO";
START TRANSACTION;
SET time_zone = "+00:00";


/*!40101 SET @OLD_CHARACTER_SET_CLIENT=@@CHARACTER_SET_CLIENT */;
/*!40101 SET @OLD_CHARACTER_SET_RESULTS=@@CHARACTER_SET_RESULTS */;
/*!40101 SET @OLD_COLLATION_CONNECTION=@@COLLATION_CONNECTION */;
/*!40101 SET NAMES utf8mb4 */;

--
-- Database: `abms1`
--

-- --------------------------------------------------------

--
-- Table structure for table `tblblotter`
--

CREATE TABLE `tblblotter` (
  `id` int(11) NOT NULL,
  `complainant` varchar(100) DEFAULT NULL,
  `respondent` varchar(100) DEFAULT NULL,
  `victim` varchar(100) DEFAULT NULL,
  `type` varchar(100) DEFAULT NULL,
  `location` varchar(100) DEFAULT NULL,
  `date` date DEFAULT NULL,
  `time` time DEFAULT NULL,
  `details` varchar(10000) DEFAULT NULL,
  `status` varchar(50) DEFAULT NULL
) ENGINE=InnoDB DEFAULT CHARSET=latin1 COLLATE=latin1_swedish_ci;

--
-- Dumping data for table `tblblotter`
--

INSERT INTO `tblblotter` (`id`, `complainant`, `respondent`, `victim`, `type`, `location`, `date`, `time`, `details`, `status`) VALUES
(10, 'Joe Rizal', 'Nora Selos', 'Joe Rizal', 'Amicable', 'Pob 1 Catbalogan, Samar', '2020-11-02', '00:30:00', ' Sustento sa Anaak ', 'Scheduled'),
(16, 'Tiboy Tibo', 'Maria Advitos', 'Tiboy', 'Incident', 'Brgy1', '2020-11-06', '23:35:00', '  Di alam ano pinag awayan  ', 'Scheduled'),
(19, 'Girl Topak', 'Boy Topak', 'Girl Topak', 'Incident', 'Manila', '2021-01-13', '11:11:00', 'Mga Topakin na Pamilya', 'Active'),
(20, 'Kayzel', 'Mario', 'Kayzel', 'Incident', 'Quezon City', '2021-01-07', '00:12:00', 'Iwan Ko', 'Settled'),
(22, 'Juan dela Cruz', 'Peter', 'Juan', 'Amicable', 'Manila', '2021-01-01', '22:16:00', '   ayaw magbayad ng utang.. hehhheee   ', 'Active'),
(26, 'Ron', 'Cajan', 'ROn Cajan', 'Amicable', 'Looc', '2021-04-30', '13:09:00', 'Donec sollicitudin molestie malesuada. Curabitur non nulla sit amet nisl tempus convallis quis ac lectus. Sed porttitor lectus nibh. Vestibulum ante ipsum primis in faucibus orci luctus et ultrices posuere cubilia Curae; Donec velit neque, auctor sit amet aliquam vel, ullamcorper sit amet ligula.', 'Settled');

-- --------------------------------------------------------

--
-- Table structure for table `tblbrgy_info`
--

CREATE TABLE `tblbrgy_info` (
  `id` int(11) NOT NULL,
  `province` varchar(100) DEFAULT NULL,
  `town` varchar(100) DEFAULT NULL,
  `brgy_name` varchar(50) DEFAULT NULL,
  `number` varchar(50) DEFAULT NULL,
  `text` text DEFAULT NULL,
  `image` varchar(200) DEFAULT NULL,
  `city_logo` varchar(100) DEFAULT NULL,
  `brgy_logo` varchar(100) DEFAULT NULL
) ENGINE=InnoDB DEFAULT CHARSET=utf8mb4 COLLATE=utf8mb4_general_ci;

--
-- Dumping data for table `tblbrgy_info`
--

INSERT INTO `tblbrgy_info` (`id`, `province`, `town`, `brgy_name`, `number`, `text`, `image`, `city_logo`, `brgy_logo`) VALUES
(1, 'Pangasinan', 'San Carlos City', 'Brgy. Turac', '0919-1234567', 'A midterm project requirement for ELECTIVE 1', '18052023164728dashboard.jpg', '03052021033434brgy-logo.png', '18052023165132municipality.png');

-- --------------------------------------------------------

--
-- Table structure for table `tblchairmanship`
--

CREATE TABLE `tblchairmanship` (
  `id` int(11) NOT NULL,
  `title` varchar(100) DEFAULT NULL
) ENGINE=InnoDB DEFAULT CHARSET=utf8mb4 COLLATE=utf8mb4_general_ci;

--
-- Dumping data for table `tblchairmanship`
--

INSERT INTO `tblchairmanship` (`id`, `title`) VALUES
(2, 'Presiding Officer'),
(3, 'Committee on Appropriation'),
(4, 'Committee on Peace & Order'),
(5, 'Committee on Health'),
(6, 'Committee on Education'),
(7, 'Committee on Rules'),
(8, 'Committee on Infra'),
(9, 'Committee on Solid Waste'),
(10, 'Committee on Sports'),
(11, 'No Chairmanship');

-- --------------------------------------------------------

--
-- Table structure for table `tblofficials`
--

CREATE TABLE `tblofficials` (
  `id` int(11) NOT NULL,
  `name` varchar(50) DEFAULT NULL,
  `chairmanship` varchar(50) DEFAULT NULL,
  `position` varchar(50) DEFAULT NULL,
  `termstart` date DEFAULT NULL,
  `termend` date DEFAULT NULL,
  `status` varchar(20) DEFAULT NULL
) ENGINE=InnoDB DEFAULT CHARSET=utf8mb4 COLLATE=utf8mb4_general_ci;

--
-- Dumping data for table `tblofficials`
--

INSERT INTO `tblofficials` (`id`, `name`, `chairmanship`, `position`, `termstart`, `termend`, `status`) VALUES
(14, 'SAMUEL C. CAYABYAB', '2', '4', '2017-06-15', '2023-12-18', 'Active'),
(15, 'Kgd. ERIC C. BULATAO', '11', '7', '2021-06-21', '2023-12-20', 'Active'),
(16, 'Kgd. REYNALDO L. DE GUZMAN', '11', '8', '2021-06-21', '2023-12-20', 'Active'),
(17, 'Kgd. BERNABE A. FRIAS', '11', '9', '2021-06-21', '2023-12-20', 'Active'),
(18, 'Kgd. MELANO M. CAYABYAB', '11', '10', '2021-06-21', '2023-12-20', 'Active'),
(19, 'Kgd. SALVADOR L. ROSARIO', '11', '11', '2021-06-21', '2023-12-20', 'Active'),
(20, 'Kgd. VICTORIANO S. BANAAG', '11', '12', '2021-06-21', '2023-12-20', 'Active'),
(21, 'Kgd. REYNANTE F. CASTANEDA', '11', '13', '2021-06-21', '2023-12-20', 'Active'),
(22, 'ROMEO M. CACAYAN, SR.', '11', '15', '2021-06-21', '2023-12-20', 'Active'),
(23, 'MINERVA M. MONDARES', '11', '16', '2021-06-21', '2023-12-20', 'Active'),
(24, 'LOIDA J. CENTENO', '11', '17', '2021-06-21', '2023-12-20', 'Active'),
(25, 'GEORGE D. PEREZ', '11', '18', '2021-06-21', '2023-12-20', 'Active'),
(26, 'JUANITO S. FRIAS', '11', '19', '2021-06-21', '2023-12-20', 'Active');

-- --------------------------------------------------------

--
-- Table structure for table `tblpayments`
--

CREATE TABLE `tblpayments` (
  `id` int(11) NOT NULL,
  `details` varchar(100) DEFAULT NULL,
  `amounts` decimal(10,2) DEFAULT NULL,
  `date` date DEFAULT NULL,
  `user` varchar(50) DEFAULT NULL,
  `name` varchar(50) DEFAULT NULL,
  `requestedby` varchar(50) DEFAULT NULL
) ENGINE=InnoDB DEFAULT CHARSET=utf8mb4 COLLATE=utf8mb4_general_ci;

--
-- Dumping data for table `tblpayments`
--

INSERT INTO `tblpayments` (`id`, `details`, `amounts`, `date`, `user`, `name`, `requestedby`) VALUES
(12, 'Barangay Clearance Payment', '23.00', '2023-05-18', 'admin', ' Gereson Carlos De Vera', NULL),
(13, 'Certificate of Indigency Payment', '34.00', '2023-05-18', 'admin', ' Nic Poe De Vera', NULL),
(14, 'Certificate of Indigency Payment', '56.00', '2023-05-18', 'admin', ' Gereson Carlos De Vera', NULL);

-- --------------------------------------------------------

--
-- Table structure for table `tblpermit`
--

CREATE TABLE `tblpermit` (
  `id` int(11) NOT NULL,
  `name` varchar(80) DEFAULT NULL,
  `owner1` varchar(200) DEFAULT NULL,
  `owner2` varchar(80) DEFAULT NULL,
  `nature` varchar(220) DEFAULT NULL,
  `applied` date DEFAULT NULL
) ENGINE=InnoDB DEFAULT CHARSET=utf8mb4 COLLATE=utf8mb4_general_ci;

--
-- Dumping data for table `tblpermit`
--

INSERT INTO `tblpermit` (`id`, `name`, `owner1`, `owner2`, `nature`, `applied`) VALUES
(4, 'SH Food Group 1', 'SH Food Group 1', 'SH Food Group 2', 'SH Food Group 1', '2021-04-30'),
(5, 'Atrium Salon & Studio', 'SH Food Group 213', '', 'Atrium Salon & Studio', '2021-04-30');

-- --------------------------------------------------------

--
-- Table structure for table `tblposition`
--

CREATE TABLE `tblposition` (
  `id` int(11) NOT NULL,
  `position` varchar(50) DEFAULT NULL,
  `order` int(11) DEFAULT NULL
) ENGINE=InnoDB DEFAULT CHARSET=utf8mb4 COLLATE=utf8mb4_general_ci;

--
-- Dumping data for table `tblposition`
--

INSERT INTO `tblposition` (`id`, `position`, `order`) VALUES
(4, 'Captain', 1),
(7, 'PUROK 1', 2),
(8, 'PUROK 2', 3),
(9, 'PUROK 3', 4),
(10, 'PUROK 4', 5),
(11, 'PUROK 5', 6),
(12, 'PUROK 6', 7),
(13, 'PUROK 7', 8),
(14, 'SK Chairman', 9),
(15, 'Secretary', 10),
(16, 'Treasurer', 11),
(17, 'Record Keeper', 12),
(18, 'Chief Tanod', 13),
(19, 'Asst. Chief Tanod', 14);

-- --------------------------------------------------------

--
-- Table structure for table `tblprecinct`
--

CREATE TABLE `tblprecinct` (
  `id` int(11) NOT NULL,
  `precinct` varchar(100) DEFAULT NULL,
  `details` text DEFAULT NULL
) ENGINE=InnoDB DEFAULT CHARSET=utf8mb4 COLLATE=utf8mb4_general_ci;

--
-- Dumping data for table `tblprecinct`
--

INSERT INTO `tblprecinct` (`id`, `precinct`, `details`) VALUES
(1, '01', 'Purok 1');

-- --------------------------------------------------------

--
-- Table structure for table `tblpurok`
--

CREATE TABLE `tblpurok` (
  `id` int(11) NOT NULL,
  `name` varchar(255) DEFAULT NULL,
  `details` text DEFAULT NULL
) ENGINE=InnoDB DEFAULT CHARSET=utf8mb4 COLLATE=utf8mb4_general_ci;

--
-- Dumping data for table `tblpurok`
--

INSERT INTO `tblpurok` (`id`, `name`, `details`) VALUES
(1, 'Purok 1', ''),
(2, 'Purok 2', ''),
(3, 'Purok 3', ''),
(4, 'Purok 4', 'dsfdsf'),
(5, 'Purok 5', 'rewrew'),
(6, 'Purok 6', 'rewrewr'),
(7, 'Purok 7', 'rew');

-- --------------------------------------------------------

--
-- Table structure for table `tblresident`
--

CREATE TABLE `tblresident` (
  `id` int(11) NOT NULL,
  `national_id` varchar(100) DEFAULT NULL,
  `citizenship` varchar(50) DEFAULT NULL,
  `picture` text CHARACTER SET utf8mb4 COLLATE utf8mb4_general_ci DEFAULT NULL,
  `firstname` varchar(50) CHARACTER SET utf8mb4 COLLATE utf8mb4_general_ci DEFAULT NULL,
  `middlename` varchar(50) CHARACTER SET utf8mb4 COLLATE utf8mb4_general_ci DEFAULT NULL,
  `lastname` varchar(50) CHARACTER SET utf8mb4 COLLATE utf8mb4_general_ci DEFAULT NULL,
  `alias` varchar(20) CHARACTER SET utf8mb4 COLLATE utf8mb4_general_ci DEFAULT NULL,
  `birthplace` varchar(80) CHARACTER SET utf8mb4 COLLATE utf8mb4_general_ci DEFAULT NULL,
  `birthdate` date DEFAULT NULL,
  `age` int(11) DEFAULT NULL,
  `civilstatus` varchar(20) CHARACTER SET utf8mb4 COLLATE utf8mb4_general_ci DEFAULT NULL,
  `gender` varchar(20) CHARACTER SET utf8mb4 COLLATE utf8mb4_general_ci DEFAULT NULL,
  `purok` varchar(50) CHARACTER SET utf8mb4 COLLATE utf8mb4_general_ci DEFAULT NULL,
  `voterstatus` varchar(20) CHARACTER SET utf8mb4 COLLATE utf8mb4_general_ci DEFAULT NULL,
  `identified_as` varchar(30) CHARACTER SET utf8mb4 COLLATE utf8mb4_general_ci DEFAULT NULL,
  `phone` varchar(50) CHARACTER SET utf8mb4 COLLATE utf8mb4_general_ci DEFAULT NULL,
  `email` varchar(50) CHARACTER SET utf8mb4 COLLATE utf8mb4_general_ci DEFAULT NULL,
  `occupation` varchar(100) DEFAULT NULL,
  `address` text CHARACTER SET utf8mb4 COLLATE utf8mb4_general_ci DEFAULT NULL,
  `resident_type` int(11) DEFAULT 1,
  `remarks` text DEFAULT NULL
) ENGINE=MyISAM DEFAULT CHARSET=latin1 COLLATE=latin1_swedish_ci;

--
-- Dumping data for table `tblresident`
--

INSERT INTO `tblresident` (`id`, `national_id`, `citizenship`, `picture`, `firstname`, `middlename`, `lastname`, `alias`, `birthplace`, `birthdate`, `age`, `civilstatus`, `gender`, `purok`, `voterstatus`, `identified_as`, `phone`, `email`, `occupation`, `address`, `resident_type`, `remarks`) VALUES
(183, '40242959393', 'Filipino', '18052023175314test.jfif', 'Gereson', 'Carlos', 'De Vera', 'Greg', 'Plaridel', '2021-02-22', 3, 'Single', 'Male', 'Purok 2', 'No', '', 'N/A', 'jude53@gmail.com', 'N/A', 'San Carlos City, Pangasinan\r\n', 1, NULL),
(182, '3123122', 'Filipino', '18052023171007test1.jfif', 'Bartolome', 'M', 'Madlangpuppy', '', 'Metro  Manila', '2013-02-02', 14, 'Single', 'Female', 'Purok 6', 'No', '', '0340305230', 'rrrrr@gmail.com', 'Student', 'Bayambang, Pangasinan', 1, NULL),
(181, '6547679965743', 'Filipino', '18052023170414dors.jpg', 'Nic', 'Poe', 'De Vera', 'FPJ', 'Pangasinan', '2018-02-03', 12, 'Single', 'Male', 'Purok 1', 'No', '', '0423943592', 'cajanr02@gmail.com', 'N/A', 'San Carlos City, Pangasinan', 1, NULL);

-- --------------------------------------------------------

--
-- Table structure for table `tbl_support`
--

CREATE TABLE `tbl_support` (
  `id` int(11) NOT NULL,
  `name` varchar(50) DEFAULT NULL,
  `email` varchar(60) DEFAULT NULL,
  `number` varchar(20) DEFAULT NULL,
  `subject` varchar(100) DEFAULT NULL,
  `message` text DEFAULT NULL,
  `date` timestamp NULL DEFAULT current_timestamp()
) ENGINE=InnoDB DEFAULT CHARSET=utf8mb4 COLLATE=utf8mb4_general_ci;

-- --------------------------------------------------------

--
-- Table structure for table `tbl_users`
--

CREATE TABLE `tbl_users` (
  `id` int(11) NOT NULL,
  `username` varchar(50) DEFAULT NULL,
  `password` varchar(100) DEFAULT NULL,
  `user_type` varchar(20) DEFAULT NULL,
  `avatar` text DEFAULT NULL,
  `created_at` timestamp NOT NULL DEFAULT current_timestamp()
) ENGINE=InnoDB DEFAULT CHARSET=utf8mb4 COLLATE=utf8mb4_general_ci;

--
-- Dumping data for table `tbl_users`
--

INSERT INTO `tbl_users` (`id`, `username`, `password`, `user_type`, `avatar`, `created_at`) VALUES
(10, 'staff', '6ccb4b7c39a6e77f76ecfa935a855c6c46ad5611', 'staff', '03052021043218icon.png', '2021-05-03 02:32:18'),
(11, 'admin', 'd033e22ae348aeb5660fc2140aec35850c4da997', 'administrator', '09052021074950person.png', '2021-05-03 02:33:03');

--
-- Indexes for dumped tables
--

--
-- Indexes for table `tblblotter`
--
ALTER TABLE `tblblotter`
  ADD PRIMARY KEY (`id`);

--
-- Indexes for table `tblbrgy_info`
--
ALTER TABLE `tblbrgy_info`
  ADD PRIMARY KEY (`id`);

--
-- Indexes for table `tblchairmanship`
--
ALTER TABLE `tblchairmanship`
  ADD PRIMARY KEY (`id`);

--
-- Indexes for table `tblofficials`
--
ALTER TABLE `tblofficials`
  ADD PRIMARY KEY (`id`);

--
-- Indexes for table `tblpayments`
--
ALTER TABLE `tblpayments`
  ADD PRIMARY KEY (`id`);

--
-- Indexes for table `tblpermit`
--
ALTER TABLE `tblpermit`
  ADD PRIMARY KEY (`id`);

--
-- Indexes for table `tblposition`
--
ALTER TABLE `tblposition`
  ADD PRIMARY KEY (`id`);

--
-- Indexes for table `tblprecinct`
--
ALTER TABLE `tblprecinct`
  ADD PRIMARY KEY (`id`);

--
-- Indexes for table `tblpurok`
--
ALTER TABLE `tblpurok`
  ADD PRIMARY KEY (`id`);

--
-- Indexes for table `tblresident`
--
ALTER TABLE `tblresident`
  ADD PRIMARY KEY (`id`);

--
-- Indexes for table `tbl_support`
--
ALTER TABLE `tbl_support`
  ADD PRIMARY KEY (`id`);

--
-- Indexes for table `tbl_users`
--
ALTER TABLE `tbl_users`
  ADD PRIMARY KEY (`id`);

--
-- AUTO_INCREMENT for dumped tables
--

--
-- AUTO_INCREMENT for table `tblblotter`
--
ALTER TABLE `tblblotter`
  MODIFY `id` int(11) NOT NULL AUTO_INCREMENT, AUTO_INCREMENT=27;

--
-- AUTO_INCREMENT for table `tblbrgy_info`
--
ALTER TABLE `tblbrgy_info`
  MODIFY `id` int(11) NOT NULL AUTO_INCREMENT, AUTO_INCREMENT=2;

--
-- AUTO_INCREMENT for table `tblchairmanship`
--
ALTER TABLE `tblchairmanship`
  MODIFY `id` int(11) NOT NULL AUTO_INCREMENT, AUTO_INCREMENT=12;

--
-- AUTO_INCREMENT for table `tblofficials`
--
ALTER TABLE `tblofficials`
  MODIFY `id` int(11) NOT NULL AUTO_INCREMENT, AUTO_INCREMENT=27;

--
-- AUTO_INCREMENT for table `tblpayments`
--
ALTER TABLE `tblpayments`
  MODIFY `id` int(11) NOT NULL AUTO_INCREMENT, AUTO_INCREMENT=15;

--
-- AUTO_INCREMENT for table `tblpermit`
--
ALTER TABLE `tblpermit`
  MODIFY `id` int(11) NOT NULL AUTO_INCREMENT, AUTO_INCREMENT=6;

--
-- AUTO_INCREMENT for table `tblposition`
--
ALTER TABLE `tblposition`
  MODIFY `id` int(11) NOT NULL AUTO_INCREMENT, AUTO_INCREMENT=20;

--
-- AUTO_INCREMENT for table `tblprecinct`
--
ALTER TABLE `tblprecinct`
  MODIFY `id` int(11) NOT NULL AUTO_INCREMENT, AUTO_INCREMENT=2;

--
-- AUTO_INCREMENT for table `tblpurok`
--
ALTER TABLE `tblpurok`
  MODIFY `id` int(11) NOT NULL AUTO_INCREMENT, AUTO_INCREMENT=13;

--
-- AUTO_INCREMENT for table `tblresident`
--
ALTER TABLE `tblresident`
  MODIFY `id` int(11) NOT NULL AUTO_INCREMENT, AUTO_INCREMENT=184;

--
-- AUTO_INCREMENT for table `tbl_support`
--
ALTER TABLE `tbl_support`
  MODIFY `id` int(11) NOT NULL AUTO_INCREMENT, AUTO_INCREMENT=4;

--
-- AUTO_INCREMENT for table `tbl_users`
--
ALTER TABLE `tbl_users`
  MODIFY `id` int(11) NOT NULL AUTO_INCREMENT, AUTO_INCREMENT=12;
COMMIT;

/*!40101 SET CHARACTER_SET_CLIENT=@OLD_CHARACTER_SET_CLIENT */;
/*!40101 SET CHARACTER_SET_RESULTS=@OLD_CHARACTER_SET_RESULTS */;
/*!40101 SET COLLATION_CONNECTION=@OLD_COLLATION_CONNECTION */;
